Date,Code,Open,High,Low,Close,Volume,SMA_20,SMA_40,SMA_60,SMA_90,RSI_14,VOL_SMA_20,MACD,MACD_Sig,BBP_20,ATR_14,STOCH_K,STOCH_D,CCI_20,ALPHA_SMA_20,KOSPI_수익률,Return_5d,Label_5d
2015-05-14,000020,8450,8490,8310,8470,63928,8497.0,8128.25,7554.666666666667,6938.444444444444,41.35802469100061,133979.45,96.03345586633259,154.88069372096197,0.4806263533000767,299.2857142857143,0.7209302325581395,0.6045484881154063,-7.537120914915952,-0.0026168479830026236,0.002918416770727017,0.16292798110979922,1
2015-05-15,000020,8500,8780,8420,8580,117413,8473.5,8166.75,7597.666666666667,6972.333333333333,46.42857142818452,127417.35,109.4748419728785,145.7995233713453,0.5821365872502338,292.14285714285717,0.8387096774193549,0.7163479611624761,21.869277128492072,-0.0022319013492973936,-0.006522569600015071,0.09090909090909083,1
2015-05-18,000020,8600,8700,8300,8470,132129,8450.5,8202.5,7636.166666666667,7005.333333333333,46.70658682595576,124280.6,109.98333716207708,138.63628612949165,0.5159384919209173,293.57142857142856,0.75,0.7698799699924982,9.989200863930877,-0.0019110259901972237,0.0034274863517682608,0.12278630460448636,1
2015-05-19,000020,8430,8760,8430,8610,146176,8440.0,8236.5,7678.333333333333,7040.222222222223,50.279329608545304,123712.75,120.29645063324824,134.96831903024298,0.6436028210723044,307.85714285714283,0.8629032258064516,0.8172043010752689,35.31397982293617,-0.0005532221660566328,0.0033731998561776777,0.060394889663182294,1
2015-05-20,000020,8700,9900,8690,9890,1757390,8489.5,8291.75,7741.0,7088.555555555556,70.72368421020062,200285.25,229.11388767609424,153.79743275941325,1.3150571894590852,380.0,0.9957627118644068,0.8695553125569528,197.4113104845087,0.006060732599748209,0.008812504420397493,-0.04347826086956519,0
2015-05-21,000020,10050,10650,9790,9850,1275772,8541.0,8343.75,7800.166666666667,7136.888888888889,72.88135593185751,257195.35,308.5678467532398,184.75151555817857,1.1258537744989123,421.42857142857144,0.7427652733118971,0.8671437369942518,268.436453076629,0.006654198629819125,-0.007819437823083475,-0.04873096446700509,0
2015-05-22,000020,9920,9950,9360,9360,659586,8571.5,8385.75,7852.0,7179.333333333333,65.74923547372462,276233.1,328.2133378051003,213.4438800075629,0.8566832208649464,446.42857142857144,0.5852090032154341,0.7745789961305795,158.81413124904685,0.0039941679619133474,0.010971306899816735,0.03418803418803429,1
2015-05-26,000020,9400,9660,9250,9510,313847,8612.0,8428.75,7906.0,7223.222222222223,73.48242811468731,283410.35,351.83059332658195,241.12122267136675,0.8799109805417927,434.2857142857143,0.6334405144694534,0.6538049303322615,131.4334832884723,0.0058302074537626425,-0.0012114999301057194,0.09358569926393279,1
2015-05-27,000020,9500,9510,9040,9130,285377,8639.5,8470.25,7954.0,7262.444444444444,69.2771084334428,291344.15,336.0112853354185,260.09923520417715,0.7036779851044278,436.42857142857144,0.5112540192926045,0.5766345123258306,86.5911271420069,0.005048611299268063,-0.01679496151154658,0.08105147864184015,1
2015-05-28,000020,9230,9510,9160,9460,225990,8682.5,8519.25,8007.666666666667,7304.0,72.05479452027157,299471.4,346.1128385009124,277.3019558635242,0.8089319400057292,439.2857142857143,0.5809859154929577,0.5752268164183386,97.50916385257003,0.0066065433928895415,0.0016085409252668548,-0.0010570824524313016,0
2015-05-29,000020,9460,9580,9330,9370,193097,8719.5,8565.75,8058.0,7344.222222222223,67.54385964884631,304873.8,342.90336775021933,290.42223824086324,0.7511862683808549,430.7142857142857,0.4838709677419355,0.5253703008424994,93.90382430897365,0.005635089997908199,0.0018522992671339278,0.012806830309498363,1
2015-06-01,000020,9510,9880,9260,9680,353896,8778.5,8616.0,8114.333333333333,7389.111111111111,69.83695652147344,319393.95,361.2104391820103,304.5798784290927,0.8317501255095279,465.7142857142857,0.6056910569105691,0.5568493133818208,102.65044259075032,0.008219036893844978,-0.005877624361641853,-0.0423553719008265,0
2015-06-02,000020,9760,10800,9710,10400,1181302,8882.0,8687.0,8180.833333333333,7441.555555555556,74.30555555531475,376080.9,428.8731254698032,329.4385278372348,0.9991529302030092,530.7142857142857,0.8412698412698413,0.6436106219741153,156.78798854409214,0.01314163665914463,-0.011287261519142722,-0.10096153846153844,0
2015-06-03,000020,10150,10400,9730,9870,571204,8973.5,8745.75,8236.833333333334,7489.0,65.25423728794203,398570.35,434.7185563167077,350.49453353312936,0.7934601362073235,566.4285714285714,0.628,0.6916536327268035,107.8968078942135,0.012825552232084685,-0.007447177000346361,-0.07700101317122598,0
2015-06-04,000020,9870,9930,9370,9450,284356,9053.5,8794.25,8286.0,7531.666666666667,59.60784313709127,402645.65,400.83997870312305,360.5636225671281,0.6371893736419768,593.5714285714286,0.46,0.6430899470899472,56.221521205748274,0.010996026196504782,0.004701525814769791,-0.017989417989418,0
2015-06-05,000020,9460,9700,9400,9490,171427,9135.5,8843.0,8336.333333333334,7575.444444444444,59.04572564595892,405451.6,372.9198397898799,363.03486601167845,0.6322932211727259,589.2857142857143,0.476,0.5213333333333333,42.56779951939574,0.010999853923882964,-0.0022963441814691787,-0.06427818756585879,0
2015-06-08,000020,9390,9580,9190,9270,194483,9190.5,8878.75,8380.166666666666,7616.222222222223,57.78210116715779,408843.25,329.24543078617353,356.2769789665775,0.5315242283714665,588.5714285714286,0.35443037974683544,0.4301434599156118,16.13840354375537,0.00774183915626625,-0.0014070886320777243,-0.034519956850053934,0
2015-06-09,000020,9200,9490,9200,9350,110623,9247.0,8897.0,8424.0,7657.777777777777,57.283464566771265,410325.85,297.65727067459375,344.55303730818076,0.5437829072157572,585.7142857142857,0.3127962085308057,0.38107552942588047,10.091256768525954,0.008179767202992665,-0.000561691660331376,-0.048128342245989275,0
2015-06-10,000020,9500,9500,8950,9110,223830,9287.5,8907.75,8463.0,7697.111111111111,40.34653465332553,416837.55,250.37130738860105,325.71669132426484,0.41870536668760244,532.8571428571429,0.08648648648648649,0.2512376915880426,-13.257874250782194,0.00670307759752839,-0.006157856232709813,-0.014270032930845278,0
2015-06-11,000020,9350,9360,9060,9280,117385,9330.0,8924.5,8502.666666666666,7738.555555555556,43.165467625754374,418960.55,224.03191954472277,305.37973696835644,0.475359968120779,492.85714285714283,0.1783783783783784,0.19255369113189022,-12.760450245227831,0.007138729762287771,0.0025788272916951183,-0.006465517241379337,0
2015-06-12,000020,9280,9440,8880,8880,202208,9350.5,8923.75,8535.666666666666,7775.0,44.117647058672155,425874.55,168.9337448004335,278.0905385347719,0.2540103793787901,490.7142857142857,0.0,0.08828828828828833,-34.78033350620725,0.005000174890273962,-0.0021588925464721687,0.029279279279279313,1
2015-06-15,000020,8710,9190,8610,8950,168206,9369.0,8921.25,8567.5,7808.0,42.9999999998495,428414.2,129.42453387769456,248.35733760335646,0.26891810734312865,502.85714285714283,0.1552511415525114,0.1112098399769633,-51.93058962478431,0.00465882976945417,-0.004799797287749152,0.010055865921787754,1
2015-06-16,000020,8910,9100,8790,8900,188727,9390.5,8920.5,8598.5,7841.222222222223,46.8664850134452,431244.1,93.00649644389341,217.28716937146385,0.20605995825463255,491.42857142857144,0.1324200913242009,0.09589041095890415,-51.081532972602936,0.0055248547981221864,-0.006659093579850284,0.038202247191011285,1
2015-06-17,000020,8920,9140,8900,8980,117100,9409.0,8924.5,8627.333333333334,7875.111111111111,42.98245614017493,429790.3,69.79570932118622,187.78887736140834,0.2235266004504087,481.42857142857144,0.1689497716894977,0.15220700152207003,-44.27402730977612,0.005165179767117717,0.0030265389013761634,0.056792873051225046,1
2015-06-18,000020,9080,9260,9010,9220,167227,9375.5,8932.5,8653.0,7912.111111111111,47.89915966367771,350282.15,69.96052614161272,164.22320711744922,0.3957310041845451,483.57142857142856,0.2785388127853881,0.19330289193302894,-28.09544754783355,-0.0006636027452063209,0.0034498687870418987,0.05639913232104132,1
2015-06-19,000020,9290,9360,9090,9140,93954,9340.0,8940.5,8675.833333333334,7948.222222222223,41.916167664494964,291191.25,62.910618794179754,143.96068945279535,0.3606519730360172,458.57142857142856,0.2420091324200913,0.22983257229832574,-22.035655058043055,-0.0014105848118322272,0.002487903304797534,0.02297592997811826,1
2015-06-22,000020,9240,9290,8970,9040,102443,9324.0,8947.75,8698.5,7982.222222222223,24.99999999987132,263334.1,48.693049005802095,124.90716136339671,0.30545658608126536,401.42857142857144,0.24022346368715083,0.2535904696308768,-33.55783211056705,0.0008779472001352762,0.004005940516668582,-0.017699115044247815,0
2015-06-23,000020,9170,9260,8990,9240,138733,9310.5,8961.25,8722.666666666666,8018.888888888889,36.82008368179268,254578.4,52.9534367897686,110.5164164486711,0.4514063199393197,372.85714285714283,0.4772727272727273,0.3198351077933232,-24.757488061641997,0.0004887575260054733,0.012670546332159027,-0.018398268398268414,0
2015-06-24,000020,9260,9490,9200,9490,251488,9328.5,8984.0,8756.333333333334,8058.444444444444,50.90090090057989,252883.95,75.63090942062809,103.5393150430625,0.6114700636476574,353.57142857142856,0.8073394495412844,0.5082785468337209,7.562303065024351,0.0028956937306606036,0.002080530463194563,0.05374077976817704,1
2015-06-25,000020,9480,9870,9430,9740,352966,9342.5,9012.5,8793.666666666666,8099.888888888889,55.144032921493,259232.75,112.47928929471527,105.32730989339306,0.7665558646834968,363.57142857142856,0.8968253968253969,0.7271458578798029,51.29024526643766,0.0024973359548669527,-0.00022536237790882208,0.02361396303901442,1
2015-06-26,000020,9830,10350,9350,9350,909053,9341.5,9030.5,8824.333333333334,8137.111111111111,51.53846153818402,295030.55,108.95617621264864,106.05308315724417,0.505700713924002,407.14285714285717,0.42528735632183906,0.7098174008961736,52.28813025871324,0.0009388879823120699,0.00249393302830625,0.14973262032085555,1
2015-06-29,000020,9200,9380,8880,8880,365033,9301.5,9040.0,8844.5,8169.111111111111,42.14046822722744,295587.4,67.46135911174133,98.33473834814362,0.22080092002433993,422.14285714285717,0.15517241379310345,0.49242838898011315,-53.52907622564493,-0.002810465432574555,-0.014242247375924721,0.26126126126126126,1
2015-06-30,000020,8900,9150,8670,9070,227561,9235.0,9058.5,8869.666666666666,8201.444444444445,49.319727890921605,247900.35,49.33907951289075,88.53560658109305,0.3514417537489709,417.14285714285717,0.26436781609195403,0.2816091954022989,-66.60116313036052,-0.006356704808975977,0.0066537571160258935,0.08269018743109147,1
2015-07-01,000020,9120,10200,9100,10000,830475,9241.5,9107.5,8911.0,8245.0,59.729729729503724,260863.9,108.7664777814498,92.5817808211644,1.1442437634983298,476.42857142857144,0.7988505747126436,0.40613026819923376,116.53305449053062,0.0003747413422406809,0.011421270851412535,-0.07399999999999995,0
2015-07-02,000020,10150,10650,9710,9970,998554,9267.5,9160.5,8952.0,8287.666666666666,66.36636636608735,296573.8,151.6937387863727,104.40417241420607,1.0257971827119452,503.57142857142856,0.6666666666666666,0.5766283524904215,181.22941518363743,0.0023624892433499966,0.004499759281945126,-0.09729187562688069,0
2015-07-03,000020,10050,10950,9990,10750,2044844,9330.5,9233.0,9005.5,8337.111111111111,72.27722772252181,390244.65,245.81972688098358,132.6872833075616,1.2558103535285594,532.1428571428571,0.9122807017543859,0.7925993143778989,237.52514437739308,0.006017049010666947,-0.0013856396482753164,-0.17116279069767437,0
2015-07-06,000020,10450,12000,10400,11200,2396869,9427.0,9308.75,9061.5,8392.111111111111,75.90090090066158,500363.95,352.66123063737723,176.68207277352474,1.2057874247764033,624.2857142857143,0.7597597597597597,0.7795690427269375,277.7504444400713,0.01039821874381926,-0.023987721023944975,-0.17767857142857146,0
2015-07-07,000020,11650,12250,9650,9820,2296766,9450.5,9348.75,9081.5,8431.555555555555,57.31707317059191,609671.1,322.2645600119031,205.7985702212004,0.6457579094532467,792.8571428571429,0.32122905027932963,0.6644231705978252,151.74107431364592,0.004109966784105318,-0.006640927392851714,-0.05295315682281054,0
2015-07-08,000020,9800,9890,9120,9260,877594,9458.0,9372.75,9091.166666666666,8465.0,50.330033003184056,642359.3,250.10460940776466,214.65977805851327,0.4214775994326771,827.8571428571429,0.164804469273743,0.41526442643761086,-12.117568706496607,0.002824284793376086,-0.011802243798675671,0.021598272138228847,1
2015-07-09,000020,8890,9200,8590,9000,785221,9444.0,9387.0,9097.666666666666,8495.666666666666,48.878205128095466,675751.1,169.97809985286585,205.7234424173838,0.32591573007175806,856.4285714285714,0.11202185792349727,0.19935179249219004,-76.1011382552752,0.0003286294070316886,0.00575336894470313,0.05666666666666664,1
2015-07-10,000020,9170,9540,8840,8910,560679,9445.5,9398.0,9097.666666666666,8524.111111111111,48.956661316101865,693674.65,98.08436045967937,184.19562602584293,0.28959054234733145,883.5714285714286,0.08743169398907104,0.12141934039543718,-53.33065788226894,0.0017930091949214355,0.0016569599715949845,0.022446689113355678,1
2015-07-13,000020,9010,9210,8900,9210,204631,9458.5,9413.75,9100.333333333334,8556.444444444445,49.76303317524539,695495.9,64.57121010365154,160.27074284140465,0.4011075584434154,886.4285714285714,0.16939890710382513,0.12295081967213121,-53.68479005853861,0.0020952705223184487,0.014942126951461354,0.0032573289902280145,1
2015-07-14,000020,9390,9490,9150,9300,310379,9478.5,9434.5,9106.5,8588.555555555555,48.460291734087775,701578.5,44.75810130501486,137.1682145341267,0.42752560379707377,890.0,0.19398907103825136,0.1502732240437159,-29.21462580317101,0.002585786342961749,-0.0011108308432612457,-0.011827956989247324,0
2015-07-15,000020,9270,9490,9200,9460,283657,9502.5,9455.75,9117.166666666666,8621.333333333334,47.6973684209428,709906.35,41.488479296907826,118.03226748668293,0.48242449068111887,879.2857142857143,0.23770491803278687,0.20036429872495454,-22.756050148913037,0.0028157271465834243,0.006643259859267614,-0.04228329809725162,0
2015-07-16,000020,9460,9600,9330,9510,224498,9517.0,9446.25,9127.333333333334,8654.777777777777,51.39372822287117,712769.9,42.44261043816914,102.91433607698018,0.4970875499272094,827.1428571428571,0.25136612021857924,0.22768670309653924,-11.439928258077204,0.001554860508495326,0.007226555904501497,-0.05362776025236593,0
2015-07-17,000020,9480,9500,9100,9110,220883,9515.5,9427.75,9132.166666666666,8684.111111111111,52.02821869475691,719116.35,10.797640700546253,84.49099700169339,0.3315738674536093,820.7142857142857,0.14207650273224043,0.21038251366120223,-46.37432236594948,0.0002758643330210975,-0.005316372031093586,0.01207464324917673,1
2015-07-20,000020,9160,9330,9100,9240,169992,9525.5,9424.75,9140.333333333334,8713.0,51.515151515022964,722493.8,-3.7481064238090767,66.8431763165929,0.3800831914604856,802.8571428571429,0.17759562841530055,0.1903460837887068,-48.68197278911564,0.001820492103362026,-0.0016756629221057473,-0.04870129870129869,0
2015-07-21,000020,9250,9310,9050,9190,121631,9523.0,9416.75,9148.5,8740.444444444445,41.437632135183904,721638.7,-19.09023757338764,49.65649353859679,0.3604522568585402,740.7142857142857,0.16393442622950818,0.1612021857923498,-53.28990679463611,0.0008286257204702275,0.004972724773429915,-0.06311207834602828,0
2015-07-22,000020,9200,9200,8960,9060,280011,9501.5,9415.0,9156.5,8765.888888888889,40.579710144809916,723064.85,-41.2632436014228,31.472546110592873,0.3177136841785661,690.7142857142857,0.1284153005464481,0.156648451730419,-63.486798460925876,-0.0006741545161255191,-0.009065952524932475,-0.08167770419426046,0
2015-07-23,000020,9020,9060,8900,9000,176745,9464.5,9403.5,9163.166666666666,8789.222222222223,28.710462287006834,714253.8,-62.95134526325819,12.58776783582266,0.3104789581848597,632.1428571428571,0.11202185792349727,0.13479052823315127,-68.94871086705767,-0.002341957959604324,0.00016467044117152163,-0.11444444444444446,0
2015-07-24,000020,9080,9260,8940,9220,155836,9458.0,9399.75,9173.0,8815.0,24.484536082385873,676592.95,-61.676195906997236,-2.2650249127413193,0.4032038330671397,540.7142857142857,0.1721311475409836,0.13752276867030974,-45.319176485821586,0.0014697104819140772,-0.009253923595810343,-0.11496746203904551,0
2015-07-27,000020,9210,9220,8790,8790,192486,9453.5,9377.5,9177.833333333334,8834.444444444445,32.42320819097135,667965.6,-94.27627893662611,-20.66727571751828,0.23222593853957854,385.7142857142857,0.15384615384615385,0.14599971977021164,-69.62895098488299,0.0011138144942565986,-0.0034946919783378494,-0.08191126279863481,0
2015-07-28,000020,8630,8690,8280,8610,164939,9430.5,9332.75,9182.5,8851.888888888889,37.25490196057977,664834.5,-133.1022553394796,-43.15427164191054,0.18076730591398402,367.14285714285717,0.25,0.19199243379571254,-111.67295635009432,-0.0006543202465439935,0.00014223983598271595,-0.03716608594657378,0
2015-07-29,000020,8750,8830,8320,8320,102481,9346.5,9294.0,9187.166666666666,8863.777777777777,36.82170542615678,628434.8,-185.13853593613567,-71.55112450075558,0.11883564531317638,355.7142857142857,0.030303030303030304,0.14471639471639478,-104.61880912632161,-0.006857846073827567,-0.0007258104065519522,0.02644230769230771,1
2015-07-30,000020,8280,8400,7900,7970,186963,9246.5,9257.0,9189.166666666666,8867.0,33.45070422518722,587855.25,-251.71808870062705,-107.58451734072987,0.05831198539219908,341.42857142857144,0.041176470588235294,0.10715983363042193,-134.52336197013784,-0.008130054041749041,-0.009123389051933106,0.07026348808030103,1
2015-07-31,000020,7970,8250,7830,8160,140730,9117.0,9223.75,9194.333333333334,8871.333333333334,30.769230769072976,492649.55,-285.856278602143,-143.2388695930125,0.14236324421168306,349.2857142857143,0.1864406779661017,0.08597339295245583,-123.1089657889923,-0.011194728747942273,0.005512548104783077,0.04534313725490202,1
2015-08-03,000020,8200,8310,8030,8070,83789,8960.5,9193.75,9192.666666666666,8875.666666666666,27.472527472386588,376995.55,-316.5245894525942,-177.89601356492886,0.055707470974688325,345.0,0.13559322033898305,0.12107012296444009,-107.47587772642515,-0.014504906865988937,-0.010674035543996596,0.030978934324659146,1
2015-08-04,000020,7990,8300,7980,8290,114515,8884.0,9167.25,9193.833333333334,8881.222222222223,29.032258064370453,267883.0,-319.39549294565404,-206.19590944107392,0.19015324572322012,347.14285714285717,0.2598870056497175,0.1939736346516008,-89.47462229631277,-0.007798605149760729,0.009708786202569986,0.010856453558504287,1
2015-08-05,000020,8300,8550,8280,8540,86605,8848.0,9153.0,9197.833333333334,8893.111111111111,33.779264213888666,228333.55,-298.06192168869893,-224.56911189059895,0.33842988927577233,347.14285714285717,0.4251497005988024,0.27354330886250106,-48.42447299933275,-0.004073192007197674,0.0008727853687642284,-0.07259953161592503,0
2015-08-06,000020,8540,8690,8490,8530,76460,8824.5,9134.25,9199.5,8904.555555555555,38.84615384594467,192895.5,-278.7485889752588,-235.40500730753092,0.3466967705796882,332.14285714285717,0.4666666666666667,0.38390112430506224,-33.28358599743395,-0.0020344708896469057,-0.008114259813968183,-0.05041031652989447,0
2015-08-07,000020,8530,8700,8380,8530,44914,8805.5,9125.5,9200.5,8915.888888888889,35.62753036417054,167107.25,-260.44043839948426,-240.41209352592162,0.3577542909504722,338.57142857142856,0.47297297297297297,0.45492978007948076,-34.37016305154459,-0.0013756278779294584,-0.0015199002627539482,-0.06682297772567414,0
2015-08-10,000020,8600,8600,8320,8320,37390,8761.0,9109.75,9196.166666666666,8923.111111111111,33.46007604544927,158745.2,-259.8806003312893,-244.30579488699516,0.27312934142492395,340.0,0.34265734265734266,0.4274323274323275,-45.822159792278654,-0.003367371006732228,-0.0035120359361864306,-0.07331730769230771,0
2015-08-11,000020,8470,8470,7980,8380,100003,8715.0,9096.75,9194.666666666666,8932.222222222223,36.71874999979919,148226.4,-251.6940536928887,-245.78344664817388,0.3239391716567683,357.85714285714283,0.38461538461538464,0.4000819000819002,-55.4185012855343,-0.0031385885434455528,-0.008246928618140248,-0.1467780429594272,0
2015-08-12,000020,8230,8310,7830,7920,159844,8638.0,9070.25,9183.166666666666,8936.666666666666,31.756756756606563,142035.75,-279.1069410423697,-252.44814552701308,0.12081364175439512,385.7142857142857,0.06293706293706294,0.2634032634032635,-75.61576109167385,-0.0061298924763631135,-0.005627563989630824,-0.10984848484848486,0
2015-08-13,000020,7920,8250,7850,8100,64387,8567.5,9042.25,9153.333333333334,8943.222222222223,30.821917808071404,134030.2,-283.04459419604063,-258.5674352608186,0.23469846002050102,391.42857142857144,0.19424460431654678,0.2139323506229982,-59.26224358144241,-0.005098702013190076,0.004044607106157061,-0.1728395061728395,0
2015-08-17,000020,8120,8350,7960,7960,49708,8510.0,9012.75,9121.833333333334,8947.888888888889,34.22053231920948,125471.45,-294.0721618327225,-265.6683805751994,0.18824493550530288,388.57142857142856,0.13,0.12906055575120332,-49.50589129608531,-0.0037490541211826767,-0.007532292055297374,-0.17211055276381915,0
2015-08-18,000020,7980,8070,7610,7710,142106,8433.5,8979.5,9094.333333333334,8946.444444444445,33.333333333160496,124077.15,-319.3037642622294,-276.39545731260546,0.08934753029479713,385.0,0.08196721311475409,0.13540393914376705,-72.87097192144657,-0.005805289213660097,-0.006228029179281891,-0.0933852140077821,0
2015-08-19,000020,7700,7700,6950,7150,275683,8331.5,8927.25,9055.0,8930.111111111111,30.303030302887464,131779.75,-380.1056890800801,-297.13750366610043,-0.10339135952582248,402.85714285714283,0.11428571428571428,0.1087509758001562,-114.36413140861755,-0.008486301921580125,-0.008628709885189045,-0.006993006993006978,0
2015-08-20,000020,7050,7220,6900,7050,160224,8231.0,8866.25,9020.333333333334,8912.0,33.08823529394735,125790.4,-431.3880439763434,-323.98761172814903,-0.05064005713379186,390.0,0.08333333333333333,0.09319542024460065,-119.06150352990821,-0.008291456675339232,-0.01280306077199933,0.019858156028368823,1
2015-08-21,000020,6730,7090,6600,6700,306133,8116.0,8790.25,8974.333333333334,8890.777777777777,24.652777777657946,132259.8,-494.57065201214664,-358.1042197849486,-0.08528368098728115,395.0,0.047619047619047616,0.08174603174603183,-126.29510957270159,-0.009429430943294908,-0.02009871771434546,0.08059701492537319,1
2015-08-24,000020,6450,6900,6440,6590,148289,7984.5,8721.25,8928.0,8865.0,24.48275862057146,131882.45,-547.2114913335063,-395.92567409466017,-0.04711163072148153,407.85714285714283,0.06637168141592921,0.06577468745610346,-120.2813982658015,-0.01070234844059011,-0.024657928542112018,0.07738998482549309,1
2015-08-25,000020,6600,7220,6550,6990,326603,7894.5,8674.0,8883.166666666666,8842.111111111111,28.89610389597256,138588.3,-550.3094538635341,-426.802430048435,0.14916152251602072,432.85714285714283,0.24336283185840707,0.11911785363112803,-84.85721752519798,-0.005969905032725343,0.009192211213186141,0.0014306151645206988,1
2015-08-26,000020,6990,7150,6850,7100,116271,7819.0,8624.75,8828.166666666666,8821.777777777777,25.510204081511176,136154.9,-537.6903709014368,-448.9800182190354,0.22120679407647376,435.0,0.2920353982300885,0.200589970501475,-69.46431749421609,-0.005437107481303832,0.025700871316939322,0.009859154929577452,1
2015-08-27,000020,7150,7420,7100,7190,140126,7762.5,8554.5,8783.5,8803.666666666666,27.814569536294897,138037.15,-514.4966122171554,-462.08333701865945,0.27913914555186004,443.57142857142856,0.33185840707964603,0.28908554572271394,-47.84964455278513,-0.003522701715945359,0.0073438960133891396,-0.025034770514603566,0
2015-08-28,000020,7280,7310,7140,7240,123831,7726.0,8486.25,8746.666666666666,8785.222222222223,28.99022801289712,134880.55,-486.47305071560004,-466.96127975804757,0.314853328076056,432.85714285714283,0.37037037037037035,0.33142139189336833,-46.811760213822126,-0.0023053163611609084,0.015550314465408777,-0.0524861878453039,0
2015-08-31,000020,7230,7250,7050,7100,45362,7673.0,8395.0,8706.833333333334,8766.111111111111,29.66666666652823,130112.15,-470.141507650671,-467.5973253365722,0.2836490350634959,427.14285714285717,0.3251231527093596,0.34245064338645875,-53.28577090764965,-0.004287081667991128,0.0019714399252710457,-0.04366197183098597,0
2015-09-01,000020,7100,7240,7000,7000,161801,7619.5,8290.0,8669.0,8746.666666666666,27.302631578821632,134012.75,-459.96560915079044,-466.0709820994159,0.26936451848564325,409.2857142857143,0.2931937172774869,0.3295624134524057,-54.59133581623292,-0.0042715000837110105,-0.014040762507146587,-0.06000000000000005,0
2015-09-02,000020,6910,7210,6870,7170,67865,7563.5,8223.75,8632.666666666666,8729.666666666666,36.36363636345125,131680.25,-433.1900122161178,-459.49478812275635,0.35077608218656064,394.2857142857143,0.38219895287958117,0.33350527428880933,-49.63723781625818,-0.0039607071311486,0.0005171792313358736,-0.040446304044630454,0
2015-09-03,000020,7210,7250,7000,7010,83803,7487.0,8167.5,8597.666666666666,8712.222222222223,30.036630036475998,131540.15,-420.0388748773721,-451.6036054736795,0.31011050199815793,383.57142857142856,0.29842931937172773,0.324607329842932,-42.427455380075806,-0.0065487618113273475,0.00016186130052942005,-0.007132667617689048,0
2015-09-04,000020,7070,7140,6800,6860,97649,7403.5,8114.0,8557.333333333334,8692.888888888889,29.92700729911715,132599.6,-416.91432140824236,-444.66574866059216,0.2704855377791107,380.0,0.25766871165644173,0.3127656613025836,-48.62760303074366,-0.007196066085833735,-0.015395216989553817,0.030612244897959107,1
2015-09-07,000020,6860,6920,6770,6790,74026,7316.5,8061.0,8522.5,8672.444444444445,32.03124999982482,134055.2,-415.2991946571201,-438.79243785989775,0.2578758119301421,357.85714285714283,0.2777777777777778,0.2779586029353158,-49.76521352877719,-0.007707505366390177,-0.0014951962842781885,0.026509572901325384,1
2015-09-08,000020,6860,6880,6480,6580,285909,7229.5,7995.25,8483.0,8651.111111111111,37.104072397954994,146481.15,-426.05316435744226,-436.2445831594067,0.1834442040563462,332.14285714285717,0.14285714285714285,0.22610121076378753,-57.44198546423313,-0.008078011099014192,-0.002410764541583066,0.07598784194528885,1
2015-09-09,000020,6680,6920,6670,6880,192726,7154.5,7934.75,8449.333333333334,8635.0,46.47302904537319,151117.3,-405.6917085459281,-430.134008236711,0.3441758330431302,333.57142857142856,0.4489795918367347,0.2898715041572185,-34.32380460026713,-0.008048932426483107,0.029552664636872672,0.04651162790697683,1
2015-09-10,000020,6810,6990,6800,6960,57782,7106.5,7872.25,8415.666666666666,8623.0,56.074766354773345,146014.2,-378.7339672856724,-419.8540000465033,0.4091938802841199,312.14285714285717,0.5306122448979592,0.3741496598639456,-20.98009311933641,-0.005725772125185091,0.014429738393133995,0.028735632183908066,1
2015-09-11,000020,7020,7150,6930,7070,93267,7055.0,7811.25,8379.833333333334,8614.333333333334,61.21495327062757,147458.2,-344.5222444488836,-404.7876489269794,0.5114106085818065,295.0,0.6276595744680851,0.5357504704009264,-3.2612513170438002,-0.0053411628486013385,-0.01057025345164131,0.0509193776520509,1
2015-09-14,000020,7100,7170,6950,6970,49947,7005.5,7757.75,8343.666666666666,8604.555555555555,49.456521738754134,147470.15,-321.7692166485631,-388.1839624712961,0.46455658966273744,262.85714285714283,0.5212765957446809,0.5598494717035751,0.051865874847643996,-0.0053055613691150695,-0.005104642597753006,0.043041606886657036,1
2015-09-15,000020,6930,7110,6900,7080,25566,6974.0,7703.75,8311.0,8592.444444444445,49.456521738754134,141643.15,-291.50095593151855,-368.8473611633406,0.6400074608275591,256.42857142857144,0.6382978723404256,0.5957446808510639,4.231478202438968,-0.0034154265746452694,0.003158232632309188,0.03813559322033888,1
2015-09-16,000020,7080,7260,7080,7200,113815,6976.5,7654.0,8277.0,8581.111111111111,50.267379678768044,133549.75,-254.8919088633893,-346.0562707033504,0.7909659866853604,246.42857142857142,0.8674698795180723,0.6756814492010598,22.713799269983518,-0.00034553340246507025,0.01955552344185474,-0.011111111111111072,0
2015-09-17,000020,7250,7330,7100,7160,33806,6982.0,7606.5,8238.166666666666,8568.444444444445,47.84946236523123,127228.85,-226.49573912211054,-322.1441643871024,0.7272875741575542,250.71428571428572,0.8,0.7685892506194993,26.148846453415047,-0.0005904866357941075,0.0005264623250398337,0.0041899441340782495,1
2015-09-18,000020,7200,7480,7200,7430,98713,7018.5,7567.25,8199.666666666666,8557.333333333334,58.29145728602207,116857.85,-180.12841822370592,-293.74101515442317,0.9943391340572871,259.2857142857143,0.95,0.8724899598393575,49.60742326909349,0.002280035010663195,0.009845736634134239,-0.03499327052489909,0
2015-09-21,000020,7340,7390,7260,7270,48944,7052.5,7518.5,8165.0,8544.0,56.58536585327211,111890.6,-154.5115324118642,-265.8951186059114,0.7875552424827081,254.28571428571428,0.79,0.8466666666666667,40.75088787417568,0.0015746543457131445,-0.015666725118364644,-0.03438789546079779,0
2015-09-22,000020,7290,7450,7220,7350,32793,7070.5,7482.5,8139.5,8530.333333333334,54.59183673430393,97200.1,-126.29874116427527,-237.97584311758422,0.8499522064637892,246.42857142857142,0.87,0.8700000000000001,46.97348079438706,-0.0008927413480362967,0.008846224321517937,-0.0435374149659864,0
2015-09-23,000020,7270,7320,7070,7120,87499,7071.5,7445.25,8107.0,8515.333333333334,52.70935960554782,95761.5,-121.10297889150024,-214.60127027236746,0.5606627263866394,248.57142857142858,0.64,0.7666666666666667,17.091483896463146,-0.0010151945855503108,-0.018879347749311215,-0.011235955056179803,0
2015-09-24,000020,7090,7240,7080,7190,27562,7071.5,7417.0,8060.166666666667,8499.555555555555,58.46153846111874,90133.3,-110.06808846249987,-193.69463391039397,0.6482171768415829,235.71428571428572,0.71,0.7400000000000001,19.040553907022876,-0.0008534803497100618,0.0012650156327134177,-0.008344923504867818,0
2015-09-25,000020,7210,7210,7020,7170,37519,7068.0,7397.0,8013.5,8469.333333333334,59.9999999995579,85817.7,-101.76362344305562,-175.30843181692632,0.629201010642961,238.57142857142858,0.69,0.68,13.246923801638733,-0.0004536151661067189,-0.002182733295670536,0.009762900976290068,1
2015-09-30,000020,7030,7160,6870,7020,92237,7064.0,7368.5,7951.333333333333,8437.888888888889,61.95652173865903,88161.45,-106.06338875895472,-161.459423205332,0.4443023413505056,231.42857142857142,0.43209876543209874,0.6106995884773663,-13.215353990140517,-0.0009478958048280084,0.010273567182232268,0.0185185185185186,1
2015-10-01,000020,7020,7180,6970,7030,75962,7065.5,7342.5,7881.833333333333,8412.0,54.83870967692405,83869.5,-107.4257303738732,-150.65268463904025,0.45497133922539257,222.14285714285714,0.3382352941176471,0.48677801984991526,-2.371817230554586,-0.0012950540154551492,0.00841141017215108,-0.005689900426742556,0
2015-10-02,000020,7080,7110,6990,7040,32838,7059.0,7311.25,7835.5,8384.555555555555,52.702702702204164,82118.15,-106.47114639269694,-141.81637698977158,0.4757166176208815,217.14285714285714,0.2786885245901639,0.3496741947133033,-6.2068430444565115,-0.002168839036969289,-0.0048703595174099945,-0.021306818181818232,0
2015-10-05,000020,7100,7270,7090,7130,113462,7065.0,7276.0,7800.0,8362.333333333334,52.05479452004879,83601.1,-97.33041938302631,-132.91918546842254,0.5829652432156668,217.85714285714286,0.4262295081967213,0.3477177756348442,31.264909769582548,-0.0006233293430183528,0.004350960562121697,-0.033660589060308554,0
2015-10-06,000020,7230,7360,7130,7240,70895,7084.0,7243.75,7770.666666666667,8337.666666666666,59.183673468824104,82263.4,-80.28477378419029,-122.39230313157609,0.7017096215208506,218.57142857142858,0.6065573770491803,0.43715846994535523,58.03516537563001,0.00013479013402574181,0.00626816630860616,-0.05386740331491713,0
2025-06-11,950220,1070,1074,1035,1071,1007167,1203.45,1090.625,1026.6,1012.8777777777777,19.025157232285622,6067342.85,4.923095859676096,43.026504957052715,0.3235616071158457,111.5,0.17696160267111852,0.17317050862206762,-45.98982011590314,0.00941043323402233,0.012253425492278591,-0.05695611577964521,0
2025-06-12,950220,1070,1070,1041,1057,964448,1210.5,1093.8,1029.0166666666667,1013.6666666666666,18.672839505769417,6068521.2,-1.9052036499065252,34.04016323566086,0.2853039538637925,106.21428571428571,0.15358931552587646,0.16394708025921334,-48.8689121950317,0.005298503980162184,0.004468462766250347,-0.0671712393566698,0
2025-06-13,950220,1061,1061,984,1001,1425738,1212.75,1094.975,1030.2166666666667,1013.9,19.206349205922393,6093557.9,-11.700535702714433,24.892023447985803,0.198576275376639,102.71428571428571,0.06010016694490818,0.13021702838063434,-60.76842039558578,0.0015174629665416883,-0.00870196539076662,-0.024975024975025018,0
2025-06-16,950220,1000,1061,992,1055,1348603,1211.45,1097.475,1032.8333333333333,1014.2777777777778,26.27627627572393,5773384.9,-14.93390941129337,16.92683687612997,0.2787054637122905,91.64285714285714,0.18181818181818182,0.1318358880963221,-52.86356776786651,-0.003585547471674355,0.017978180210183048,-0.09952606635071093,0
2025-06-17,950220,1055,1083,1002,1041,1313627,1208.3,1098.7,1035.3833333333334,1015.0777777777778,25.62592047075293,5773541.35,-18.41380152586362,9.858709195731251,0.26673534141726785,92.35714285714286,0.15353535353535352,0.13181790076614783,-49.605035536380484,-0.005269551096526997,0.001235296912436512,-0.08261287223823244,0
2025-06-18,950220,1048,1048,998,1010,849249,1193.3,1099.45,1037.4166666666667,1015.2333333333333,24.507042253037895,3639055.35,-23.403303307639362,3.206306695057128,0.24939891779339404,88.14285714285714,0.09533898305084745,0.14356417280146092,-53.89052679182651,-0.016905542090138864,0.007419584449039007,-0.07128712871287124,0
2025-06-19,950220,1010,1017,981,986,1046989,1169.35,1099.3,1039.15,1015.0444444444445,21.89679218925167,2447386.0,-28.96028272860167,-3.2270111896746316,0.24054014242128471,85.14285714285714,0.04838709677419355,0.0990871444534648,-57.36323337267556,-0.024134169855235827,0.001867309963360153,-0.06288032454361059,0
2025-06-20,950220,982,987,962,976,794586,1145.0,1097.9,1040.8833333333334,1014.6555555555556,23.716012084090607,2306314.65,-33.78173061991288,-9.337955075722281,0.2475781691278815,80.42857142857143,0.03294117647058824,0.058889085431876376,-59.201508959446706,-0.024856513016304822,0.014809889379193697,-0.07377049180327866,0
2025-06-23,950220,975,975,925,950,1138267,1123.05,1094.45,1041.6166666666666,1014.1333333333333,22.85298398788946,2234291.05,-39.24831537099817,-15.32002713477746,0.2336179232619996,77.64285714285714,0.1366120218579235,0.07264676503423506,-62.49917982949199,-0.024145160018876632,-0.0024389113917349103,-0.02421052631578946,0
2025-06-24,950220,944,971,936,955,496546,1102.25,1091.075,1042.4666666666667,1013.5222222222222,46.28571428386285,1934288.05,-42.685117493688836,-20.793045206559736,0.2632206272637546,54.57142857142857,0.16393442622950818,0.11116254151933995,-55.67560345185054,-0.02474354552923818,0.029580655969374314,-0.058638743455497355,0
2025-06-25,950220,955,956,933,938,752443,1080.55,1087.425,1043.35,1012.9888888888889,38.62275448939905,1907022.4,-46.2474540001424,-25.883926965276267,0.25562043363759773,51.857142857142854,0.07103825136612021,0.12386156648451725,-54.11548967545987,-0.024735303927301062,0.0014853526826565933,-0.03731343283582089,0
2025-06-26,950220,929,936,911,924,608129,1058.15,1083.95,1044.0,1012.4444444444445,36.887608067676005,1834550.1,-49.628230989527424,-30.6327877701265,0.2468920280364543,49.42857142857143,0.06598984771573604,0.10032084177045479,-54.55185982824177,-0.025155817454690987,-0.009230274270087713,0.007575757575757569,1
2025-06-27,950220,923,928,902,904,662520,1033.9,1080.325,1044.5833333333333,1011.5888888888888,20.06688963116744,1787005.3,-53.306865599563935,-35.16760333601399,0.20868830672980426,44.214285714285715,0.010416666666666666,0.049148255249507604,-52.04227393356208,-0.025849774038400185,-0.007669926872670096,0.014380530973451267,1
2025-06-30,950220,903,934,883,927,864983,1014.05,1078.65,1045.4833333333333,1011.1222222222223,26.860841422731227,1763410.5,-53.746743250167356,-38.883431318844664,0.25945014614700523,44.285714285714285,0.22,0.09880217146080088,-43.051891177371516,-0.021550243292759258,0.0051571693161514,-0.014023732470334394,0
2025-07-01,950220,928,979,895,899,2409275,992.85,1076.775,1045.7333333333333,1010.4222222222222,24.40476190374504,1832989.85,-55.71249647214802,-42.24924434950534,0.09671067413236392,47.5,0.08,0.10347222222222219,-31.09584116288808,-0.023737053855174734,0.005843669629195691,0.0011123470522802492,1
2025-07-02,950220,899,923,885,903,755305,988.95,1075.275,1046.15,1009.6111111111111,26.380368097026604,1275429.6,-56.29862795407428,-45.059121070419124,0.15078999340969354,48.07142857142857,0.1,0.13333333333333328,-38.58369959833888,-0.010329208623293184,-0.004722217726927047,-0.001107419712070845,0
2025-07-03,950220,911,944,900,931,646772,984.8,1075.775,1045.7833333333333,1008.8,38.25503355524976,1180327.1,-53.88264973673358,-46.82382680368202,0.2849512686686473,45.714285714285715,0.24,0.13999999999999996,-28.173882983320414,-0.00979941259596837,0.013401364526220538,-0.004296455424274925,0
2025-07-04,950220,929,931,908,917,323430,979.9,1076.6,1045.4666666666667,1007.7666666666667,23.25581395222642,1113266.8,-52.49255113640413,-47.95757167022644,0.25382796007367864,42.42857142857143,0.17,0.16999999999999996,-30.00171019520656,-0.008862346084941786,-0.01989237132854338,0.017448200654307522,1
2025-07-07,950220,912,917,883,914,829427,971.45,1077.4,1045.6666666666667,1006.4888888888889,24.291497974331662,957132.4,-51.04455307476246,-48.57496795113365,0.2630597473290486,39.07142857142857,0.18787878787878787,0.19929292929292927,-33.488418381310154,-0.011683270578010618,0.0016992548161922638,0.01969365426695835,1
2025-07-08,950220,914,937,891,900,520463,962.95,1077.925,1045.15,1005.1333333333333,26.086956520151233,937898.35,-50.445186467211215,-48.94901165434917,0.22833408398375227,38.785714285714285,0.12686567164179105,0.1615814865068596,-27.901196738334715,-0.012474107950015394,0.018133859786172213,0.08777777777777773,1
2025-07-09,950220,899,934,892,902,526666,954.5,1078.975,1045.25,1003.8111111111111,29.807692305686018,913873.3,-49.24117916537227,-49.00744515655379,0.2546509025320576,39.214285714285715,0.18269230769230768,0.16581225573762884,-24.965050254752185,-0.012098664513941221,0.006032199553764883,0.05210643015521055,1
2025-07-10,950220,910,945,904,927,709774,948.0,1079.25,1045.2,1002.6777777777778,39.01345291234893,901139.6,-45.74241356802986,-48.354438838849006,0.39062749843098454,40.5,0.4583333333333333,0.25596377088914396,-13.728421278121573,-0.010625468850205605,0.01579263116914631,0.08090614886731395,1
2025-07-11,950220,936,948,927,933,416445,944.6,1078.675,1044.85,1001.6888888888889,45.812807878613896,850674.95,-42.0013019055192,-47.08381145218305,0.4375431638116235,38.357142857142854,0.5208333333333334,0.38728632478632474,-6.028056760829804,-0.007970759323251387,-0.0023435315701347825,0.05144694533762051,1
2025-07-14,950220,925,944,914,932,470735,938.45,1074.95,1044.4666666666667,1000.9777777777778,44.22110552452716,806781.55,-38.671356279272686,-45.40132041760098,0.45812743811409756,38.0,0.5104166666666666,0.4965277777777777,-6.981146527481495,-0.010236186617115967,0.008268860780220377,0.20600858369098707,1
2025-07-15,950220,971,1031,945,979,4170178,935.35,1071.825,1044.25,1001.2555555555556,58.95196506189813,949609.1,-31.87243755467182,-42.69554384501515,0.8440659852409694,43.42857142857143,0.6486486486486487,0.5599662162162162,32.96965465072293,-0.007196355432835477,0.004137999956277838,0.13381001021450456,1
2025-07-16,950220,970,988,949,949,1008448,932.3,1062.8,1043.7333333333333,1001.0888888888888,55.102040813177844,957569.05,-28.575593111697685,-39.87155369835166,0.6563942352040797,44.285714285714285,0.44594594594594594,0.5350037537537536,20.541248611757077,-0.006419182433947057,-0.00898833072080818,0.20864067439409895,1
2025-07-17,950220,951,1091,940,1002,8001262,933.1,1051.225,1043.9,1001.5555555555555,67.62589927716992,1305282.7,-21.4390273160717,-36.18504842189567,1.1030383979122471,53.214285714285715,0.5721153846153846,0.555569993069993,60.81672796841951,-0.0024380235256170613,0.001854769362097386,0.10179640718562877,1
2025-07-18,950220,1001,1043,963,981,1599996,933.35,1039.175,1043.05,1002.0111111111111,59.782608692619725,1345553.2,-17.278595113617598,-32.40375776024006,0.9110904940846883,55.285714285714285,0.47115384615384615,0.4964050589050588,51.24243314509138,-0.0021722371049319013,-0.0013219350372302152,0.07339449541284404,1
2025-07-21,950220,1053,1209,1053,1124,13311664,942.05,1032.55,1043.65,1004.0666666666667,78.77237851380355,1954223.05,-2.414682759972834,-26.405942760186615,1.3822183782704642,65.57142857142857,0.7392638036809815,0.5941776781500706,158.7911273142875,0.005969623573935512,0.007132842127054895,-0.051601423487544484,0
2025-07-22,950220,1123,1164,1101,1110,2849441,949.8,1026.025,1043.9833333333333,1006.0555555555555,75.81047381281459,2071867.8,8.14154125225582,-19.496445957698132,1.1276989580654975,67.35714285714286,0.696319018404908,0.6355788894132451,146.31341753889785,0.0071991664403673605,-0.012728875268234408,-0.007207207207207245,0
2025-07-23,950220,1082,1159,1065,1147,2819076,960.25,1020.4,1045.0333333333333,1008.5555555555555,76.34146341202737,2175199.45,19.270872985457572,-11.742982169066991,1.102961170273355,70.92857142857143,0.8098159509202454,0.7484662576687117,135.7709720560784,0.009612010167037704,0.004362858603002007,-0.06015693112467302,0
2025-07-24,950220,1146,1155,1091,1104,1774976,969.25,1013.7,1045.7166666666667,1010.6888888888889,71.29840546469663,2233541.8,24.340624366336897,-4.526260861986213,0.9047114210507642,73.85714285714286,0.6779141104294478,0.7280163599182004,121.14057647174562,0.007917402934414263,0.0020981415114784685,0.008152173913043459,1
2025-07-25,950220,1099,1099,1037,1053,1641106,976.7,1005.3,1045.7833333333333,1012.0666666666667,64.27104722607845,2282471.1,23.966889700457955,1.1723692505026202,0.7277415317404065,76.21428571428571,0.5094339622641509,0.6657213412046147,71.41438758010645,0.006218613149872709,0.0017552382892696006,0.07217473884140557,1
2025-07-28,950220,1053,1078,1036,1066,791959,983.65,998.85,1046.9833333333333,1013.9333333333333,67.07818929847923,2278819.9,24.43798772918001,5.825492946238098,0.7417190167716003,75.92857142857143,0.5488958990536278,0.5787479905824088,63.676981631639876,0.0056109028040452705,0.004214577368939709,0.12570356472795496,1
2025-07-29,950220,1074,1137,1058,1102,2684007,993.8,993.325,1049.1166666666666,1016.3111111111111,69.23076922890533,2292556.5,27.40038091146448,10.140470539283376,0.812226886344131,78.57142857142857,0.6491803278688525,0.5691700630622103,88.48569937181627,0.008773959088489335,0.006558613125950297,0.11161524500907438,1
2025-07-30,950220,1102,1134,1068,1078,1499797,1002.55,995.75,1051.0333333333333,1018.4222222222222,64.54720616396212,2329781.1,27.494559263265955,13.611288284079894,0.7198019681447239,80.21428571428571,0.5559322033898305,0.5846694767707702,75.28261533761074,0.006856545808973186,0.0073980752622602175,0.17810760667903525,1
2025-07-31,950220,1155,1270,1083,1113,1926628,1011.65,998.225,1054.4,1020.9888888888889,66.42335766253663,2393773.9,30.047040202560538,16.898438667776023,0.7896931314730805,92.42857142857143,0.5589887640449438,0.588033765101209,113.12542345042809,0.007738335328459411,-0.002774645333955994,0.12578616352201255,1
2025-08-01,950220,1091,1176,1066,1129,1127197,1022.25,1001.075,1058.4833333333333,1023.8444444444444,67.4955595009859,2433962.25,32.98078407006983,20.114907748234785,0.8024707304641029,98.14285714285714,0.5727272727272728,0.562549413387349,77.06741723629534,0.010156021896072181,-0.03883294715046348,0.10717449069973428,1
2025-08-04,950220,1167,1219,1129,1200,1418734,1036.55,1004.0,1063.7833333333333,1027.111111111111,68.82453151454251,2463427.6,40.56726961788968,24.205380122165764,0.9402291408560465,97.5,0.7878787878787878,0.6398649415503347,108.51668623714288,0.013094684504611325,0.009085051339836836,0.020000000000000018,1
2025-08-05,950220,1201,1261,1190,1225,1452300,1052.8,1007.875,1069.55,1030.6777777777777,73.71134020441244,2510019.45,48.04309425372708,28.97292294847803,0.9482056553090037,99.78571428571429,0.8636363636363636,0.7414141414141414,121.27782596126043,0.015010719310440951,0.015963783654991737,-0.026122448979591817,0
2025-08-06,950220,1225,1284,1202,1270,884158,1071.2,1012.85,1076.3833333333334,1034.9555555555555,73.34494773340273,2527894.05,56.94246575754596,34.56683151029162,0.9931870881793111,94.85714285714286,0.956386292834891,0.869300481450014,119.71668551304346,0.01703576400285311,4.377736085059425e-05,-0.09055118110236215,0
2025-08-07,950220,1297,1324,1245,1253,1089209,1087.5,1017.75,1082.0,1039.0444444444445,73.85964912099293,2546865.8,61.909865474126946,40.03543830305869,0.9033815350120656,94.78571428571429,0.7534722222222222,0.8578316262311589,113.7390380015945,0.015308463970855729,0.009236618784668638,-0.045490822027134836,0
2025-08-08,950220,1254,1279,1240,1250,443934,1103.35,1023.975,1086.9,1043.2777777777778,64.65116278859276,2548240.25,64.85686108712775,44.999722859872506,0.8596833191136604,81.28571428571429,0.7430555555555556,0.8176380235375561,87.03332623795927,0.015021676127262268,-0.0054745203985524515,-0.08720000000000006,0
2025-08-11,950220,1252,1367,1162,1224,2191588,1117.95,1028.2,1089.2833333333333,1047.1777777777777,62.895927599817774,2634282.9,64.35257718179082,48.87029372425617,0.7736571593725762,91.42857142857143,0.56797583081571,0.6881678695311626,70.85116832273134,0.01449917686683445,-0.0010093426500229485,-0.14460784313725494,0
2025-08-12,950220,1197,1253,1185,1193,830173,1128.65,1032.0,1090.7666666666667,1050.611111111111,55.27522935602328,2467282.65,60.75118577810167,51.24647213502527,0.6740239631212038,89.57142857142857,0.4743202416918429,0.5951172093543694,41.36064940085031,0.011181159109561028,-0.005257626833230944,-0.15507124895222124,0
2025-08-13,950220,1173,1268,1077,1155,2156382,1138.95,1035.625,1088.1833333333334,1053.6888888888889,55.91647331604912,2524679.35,54.205922589706006,51.83836222596142,0.5487586409662774,98.64285714285714,0.3595166163141994,0.4672708962739174,11.625573493692556,0.01013115399418511,0.010802812618537772,-0.17748917748917747,0
2025-08-14,950220,1155,1239,1141,1196,1443596,1148.65,1040.875,1083.7,1056.388888888889,66.98337291938773,2196796.05,51.73079134421414,51.81684804961196,0.654671946316564,100.85714285714286,0.48338368580060426,0.4390735146022155,20.970433282711788,0.009186367263055967,0.00040007815480236353,-0.23913043478260865,0
2025-08-18,950220,1184,1195,1137,1141,667581,1156.65,1045.0,1078.3333333333333,1058.6666666666667,58.09935205007908,2150175.3,44.81459687729944,50.416397815149466,0.4404298465281846,102.07142857142857,0.2686084142394822,0.3705029054514286,-2.9638368738713963,0.008618767645684,-0.014998480931034175,-0.1884312007011394,0
2025-08-19,950220,1122,1234,1043,1047,3876604,1152.8,1047.425,1072.6333333333334,1060.2777777777778,44.721689058299226,1678422.3,31.386642843365507,46.610446820792674,0.1211674606317876,110.07142857142857,0.012345679012345678,0.254779259684144,-32.77972471938644,-0.0020275163635184723,-0.008094974317655379,-0.09933142311365806,0
2025-08-20,950220,1019,1040,1000,1008,1087000,1147.7,1048.75,1066.5833333333333,1061.1333333333334,43.47014925259593,1590300.25,17.397372385515837,40.767831933737305,0.0435532248091607,108.71428571428571,0.021798365122615803,0.1009174861248145,-86.73460190414393,-0.0035630235492624396,-0.006812499206741984,-0.07242063492063489,0
2025-08-21,950220,1008,1022,918,950,2341049,1137.85,1049.05,1059.55,1061.7333333333333,35.42039355904136,1566398.9,1.6120764725505978,32.93668084149997,-0.031421988680653684,102.42857142857143,0.07126948775055679,0.03513784396183939,-113.03854095852073,-0.0080746282981562,0.0037219377078612226,0.15368421052631587,1
2025-08-22,950220,940,949,900,910,1450308,1128.15,1048.7,1051.85,1061.5111111111112,31.21783876425893,1550165.5,-13.964575042992465,23.556429664601488,-0.03523326880311117,98.14285714285714,0.021413276231263382,0.03816037636814529,-129.25235370131074,-0.008630068325457907,0.008590780904848883,0.12857142857142856,1
2025-08-25,950220,920,946,908,926,802285,1121.8,1049.25,1044.1333333333334,1061.2,24.05303030239253,1508224.45,-24.733010560378034,13.898541619605584,0.056712000757158765,94.42857142857143,0.055674518201284794,0.04945242739436828,-114.85349152653173,-0.006002401102259103,0.012979963581624121,0.079913606911447,1
2025-08-26,950220,926,960,921,943,565967,1115.65,1049.65,1037.7833333333333,1061.0666666666666,22.88461538399926,1496924.85,-31.531835987841077,4.812466098116252,0.1308679558962665,92.14285714285714,0.09207708779443255,0.056388294075660206,-98.65808770251861,-0.005015931016123421,-0.009501972048625129,0.038176033934252285,1
2025-08-27,950220,940,944,915,935,486937,1107.3,1050.55,1031.3166666666666,1060.4333333333334,15.320910972640803,1387071.35,-37.137390542259936,-3.577505229958986,0.15183842179323884,88.35714285714286,0.07494646680942184,0.07423269093504636,-96.29322841167935,-0.006923400058713325,0.0024533239394091133,0.027807486631016065,1
2025-08-28,950220,921,1215,916,1096,25095149,1108.2,1055.375,1033.2333333333333,1061.7222222222222,37.48006379501639,2566838.95,-28.262683819456925,-8.514540947858574,0.47531609570547634,104.07142857142857,0.4197002141327623,0.1955745895788722,-21.50183319164265,0.0030013569897688495,0.0028740320536151387,-0.16058394160583944,0
2025-08-29,950220,1091,1131,1020,1027,4165220,1103.9,1057.775,1033.45,1062.111111111111,33.91053390984885,2678768.55,-26.491757654075855,-12.10998428910203,0.3460471510398224,109.21428571428571,0.27194860813704497,0.2555317630264097,-28.546809173356703,-0.0017472828981794086,-0.0032255844220854257,-0.1343719571567673,0
2025-09-01,950220,1039,1093,985,1000,2111893,1097.45,1059.85,1033.2,1061.7555555555555,33.861671469057555,2728003.35,-26.9562256708964,-15.079232565460906,0.3079083385216449,102.28571428571429,0.2717391304347826,0.32112931756819657,-44.344092220338695,-0.005046135869017499,-0.013521614809746452,-0.138,0
2025-09-02,950220,1002,1022,935,979,1660262,1086.4,1061.475,1031.4666666666667,1060.5444444444445,34.356725145495616,2740079.75,-28.68814533454895,-17.801015119278517,0.28866534640132313,103.64285714285714,0.21467391304347827,0.25278721720510194,-65.35159741420522,-0.009254293460265245,0.009360692093046907,-0.15015321756894795,0
2025-09-03,950220,983,1033,953,961,1723034,1073.2,1063.0,1029.65,1059.111111111111,35.39156626431404,2753616.45,-31.154029454680767,-20.471617986358968,0.2766680105236588,95.71428571428571,0.17994100294985252,0.2221180154760378,-58.173770990046236,-0.010607313878950354,0.00380475042161188,-0.12174817898022894,0
2025-09-04,950220,935,958,892,920,2404046,1055.7,1063.45,1027.1333333333334,1057.2888888888888,29.216867469263505,2829610.85,-36.00161354361944,-23.577617097811064,0.21970728522269947,93.64285714285714,0.08187134502923976,0.15882875367419017,-83.59882389487295,-0.014832715029462162,0.00515321471413932,-0.04347826086956519,0
2025-09-05,950220,914,919,886,889,1606600,1037.5,1062.5,1024.3333333333333,1055.3555555555556,30.312499999336907,2855480.4,-41.86223796038212,-27.234541270325273,0.18298591658605817,91.85714285714286,0.008620689655172414,0.09014434587808821,-88.55371699126277,-0.015453389228619612,0.0013402773655581957,-0.0011248593925758943,0
2025-09-08,950220,889,906,855,862,1670466,1018.1,1060.725,1022.0166666666667,1053.2777777777778,33.856893541930205,2916807.0,-48.13067887994953,-31.413768792250124,0.1518208329994518,81.85714285714286,0.019444444444444445,0.03664549304295219,-90.9276665304455,-0.01735169531685505,0.004514651557508076,0.0011600928074246841,1
2025-09-09,950220,862,871,830,832,1857059,998.5,1058.225,1018.3,1051.4777777777779,34.397163119713554,2900080.55,-54.886515168728124,-36.108318067545724,0.1159920844342454,81.42857142857143,0.005194805194805195,0.011086646431474,-94.96676163342829,-0.018730642536194646,0.012566817514031214,0.05168269230769229,1
2025-09-10,950220,839,858,826,844,900339,981.05,1054.85,1015.0166666666667,1050.0333333333333,39.76833976726495,2903588.85,-58.596796988497886,-40.60601385173616,0.16868630050221278,76.28571428571429,0.04627249357326478,0.02363724773750479,-82.74039297513472,-0.017841600169016293,0.016711400131899756,0.005924170616113722,1
2025-09-11,950220,857,880,838,880,902862,967.3,1053.125,1012.85,1049.111111111111,47.08171206097443,2840912.85,-57.964148306112406,-44.07764074261141,0.2753736246945054,75.71428571428571,0.13881748071979436,0.06342825982928808,-59.185748929940466,-0.014023709247674232,0.008951495385469244,-0.03181818181818186,0
2025-09-12,950220,899,900,867,888,871242,951.9,1050.275,1011.2166666666667,1048.8555555555556,46.245059287258044,2812295.15,-56.169746651182436,-46.496061924325616,0.3058291585137598,75.35714285714286,0.15938303341902313,0.11482433590402741,-40.134603660885055,-0.01609164929200103,0.015351952634411914,-0.027027027027026973,0
2025-09-15,950220,888,888,861,863,568772,938.0,1047.325,1009.3333333333334,1048.6222222222223,42.21789883153492,2807354.7,-56.118067330069834,-48.42046300547446,0.23743122561446744,74.5,0.09511568123393316,0.13110539845758354,-39.03082304685333,-0.016123215477092397,0.003466311691218582,-0.04055619930475085,0
2025-09-16,950220,875,887,856,875,599053,929.4,1041.1,1008.0833333333334,1048.5444444444445,44.20849420729939,2643477.15,-54.48079074139105,-49.63252855265778,0.29958989117507284,74.64285714285714,0.12596401028277635,0.12682090831191087,-31.85435084597112,-0.01233439238197286,0.012417420193642448,-0.05714285714285716,0
2025-09-17,950220,875,875,849,849,651739,921.45,1034.575,1006.3166666666667,1048.2111111111112,17.754569189951525,2621714.1,-54.651234545230864,-50.63626975117241,0.2315894519216727,55.142857142857146,0.07540983606557378,0.09882984252742776,-36.477391388281994,-0.01177328208393676,-0.010499707214127851,-0.0683156654888104,0
2025-09-18,950220,852,862,829,852,616427,916.55,1027.2,1004.8833333333333,1048.1222222222223,22.397476339704838,2535483.0,-53.92265080698303,-51.293545962334534,0.26558869530694434,49.57142857142857,0.09737827715355805,0.09958404116730273,-40.47941951961675,-0.009235169078547618,0.014032929044354603,-0.059859154929577496,0
2025-09-19,950220,854,897,842,864,700747,914.25,1021.2,1003.8833333333333,1047.5444444444445,27.483443707335212,2498004.95,-51.780054991467296,-51.390847768161095,0.3201098793048688,45.785714285714285,0.18357487922705315,0.11878766414872832,-30.121685098198743,-0.00576414776372765,-0.004639875191402187,-0.1284722222222222,0
2025-09-22,950220,865,868,826,828,1009942,909.35,1015.575,1002.6166666666667,1046.1222222222223,26.182965298528202,2508387.8,-52.38309183126012,-51.5892965807809,0.21893596448164912,42.57142857142857,0.00966183574879227,0.09687166404313448,-46.252219132456695,-0.008417347907815731,0.006794882214301579,-0.10265700483091789,0
2025-09-23,950220,833,844,820,825,587710,903.45,1009.55,1000.9166666666666,1043.2777777777778,27.483443707335212,2509474.95,-52.4979145196304,-51.771020168550805,0.23588223919340803,38.57142857142857,0.036231884057971016,0.07648953301127213,-52.251060781396426,-0.010244368614209565,0.005056722355959886,-0.12,0
2025-09-24,950220,821,830,775,791,1723930,896.25,1001.775,999.1166666666667,1039.8,28.135593219003738,2571324.6,-54.701859195480324,-52.35718797393671,0.16234427561755269,37.57142857142857,0.1111111111111111,0.052334943639291455,-71.28471653608908,-0.011556620938850033,-0.004030187683402242,-0.07585335018963335,0
2025-09-25,950220,791,825,760,801,1320437,881.5,994.85,997.4166666666666,1034.1444444444444,33.941605837681806,1382589.0,-55.00749266863363,-52.887248912876096,0.190241810085884,39.785714285714285,0.2808219178082192,0.14272163765910043,-62.24714196981654,-0.019375601401808117,-0.00029664702460141523,-0.07116104868913853,0
2025-09-26,950220,725,762,720,753,10900040,867.8,985.85,994.45,1026.2333333333333,31.52542372731743,1719330.0,-58.44914290921099,-53.99962771214308,0.03309433815023776,41.92857142857143,0.18333333333333332,0.1917554540842212,-82.38028222175501,-0.018160068611428427,-0.024505129483076038,0.01726427622841964,1
2025-09-29,950220,755,755,726,743,1633217,854.95,976.2,991.55,1018.2333333333333,33.81818181646017,1695396.2,-61.27722622693716,-55.455147415101905,0.02722678010791169,41.07142857142857,0.12777777777777777,0.19731100963977674,-74.2466036550951,-0.018852505408150654,0.013337074171970276,-0.1090174966352625,0
2025-09-30,950220,733,748,713,726,3310236,842.3,964.35,988.4166666666666,1010.8666666666667,28.928571427124993,1777894.9,-64.15077040775464,-57.19427201363246,0.0014612345110173758,41.285714285714285,0.06951871657754011,0.12687660922955038,-74.19721760433984,-0.018382159864904525,-0.0019264341150789788,-0.0950413223140496,0
2025-10-01,950220,726,754,721,731,2007992,830.8,952.0,985.6,1003.7555555555556,20.080321284011546,1792142.8,-65.27219937668292,-58.80985748624255,0.057033569344437075,40.642857142857146,0.0962566844919786,0.09785105961576547,-62.43242022597876,-0.01738422997327969,0.009119313204461799,-0.19972640218878246,0
2025-10-02,950220,731,762,724,744,1930294,822.0,938.85,982.9666666666667,996.7777777777778,21.65354330589311,1768455.2,-64.36993205174997,-59.92187239934403,0.14799017306846618,41.0,0.16847826086956522,0.11141788731302797,-53.21495608807044,-0.015455232016354098,0.027021005084162164,-0.20564516129032262,0
2025-10-10,950220,746,770,723,766,2676856,815.85,926.675,980.2833333333333,990.0444444444445,30.677290834942298,1821968.0,-61.17448121823554,-60.172394163122334,0.2708461571591116,42.42857142857143,0.28804347826086957,0.18425947454080446,-43.98096448880718,-0.013089781260477395,0.017296806895055417,-0.2467362924281984,0
2025-10-13,950220,704,710,659,662,8362404,805.85,911.975,975.7666666666667,981.9666666666667,18.950437317010767,2156564.9,-66.2700740840778,-61.39193014731343,-0.06960516197341055,47.857142857142854,0.012605042016806723,0.15637559371574714,-90.62446500750082,-0.017773256885218303,-0.007214867335068931,-0.0785498489425982,0
2025-10-14,950220,663,683,656,657,2492506,797.1,897.8,971.1833333333333,974.5555555555555,20.18633540284904,2188337.25,-69.90599357630072,-63.09474283311089,0.006429318778401224,47.92857142857143,0.004149377593360996,0.10159929929034572,-94.11723032508867,-0.015465225675970945,-0.006343892538812512,-0.10502283105022836,0
2025-10-15,950220,647,662,556,585,12180636,784.15,882.6,964.6166666666667,966.3555555555556,15.85677749303838,2752352.1,-77.70158869326985,-66.01611200514269,-0.09040834724111721,53.142857142857146,0.08504398826979472,0.03393280262665412,-128.64552112382387,-0.022170450968411255,0.026803787961738657,-0.00512820512820511,0
2025-10-16,950220,589,609,583,591,2678183,769.7,868.5,958.65,962.0222222222222,14.545454544925619,2841118.15,-82.445128016328,-69.30191520737975,0.011720163087406919,51.07142857142857,0.11217948717948718,0.06712428434754762,-119.60820509378122,-0.024588081502203447,0.024906487881704242,-0.0033840947546531774,0
2025-10-17,950220,593,595,570,577,1582487,754.15,853.025,951.5666666666667,957.1666666666666,15.426997244584086,2876680.4,-86.33883970229851,-72.7093001063635,0.041610828525274604,49.857142857142854,0.07291666666666667,0.0900467140386495,-112.84942672853259,-0.02546639883748964,0.00013872696665484519,0.013864818024263537,1
2025-10-20,950220,579,623,579,610,2532343,741.5,839.75,945.3833333333333,952.6666666666666,22.646310431763226,2974858.95,-85.77307148244881,-75.32205438158057,0.16510103319309943,51.42857142857143,0.19708029197080293,0.12739214860565226,-86.76269658626286,-0.021903399978657916,0.017551862017823883,0.003278688524590123,1
2025-10-21,950220,611,616,585,588,1428376,727.15,828.275,936.45,947.1666666666666,23.359580051635078,3016325.1,-86.1073206380371,-77.47910763287189,0.14717729903035942,49.714285714285715,0.11895910780669144,0.12965202214805369,-80.27755697866826,-0.02390098789686456,0.0023986221685117215,0.03741496598639449,1
2025-10-22,950220,588,591,568,582,1666085,713.8,817.625,927.65,941.7444444444444,20.954907161025545,3067042.4,-85.86654922844912,-79.15659595198734,0.16819131153635725,46.714285714285715,0.12149532710280374,0.14584490896009936,-79.18225898044471,-0.024232922570623927,0.015649190342692076,-0.005154639175257714,0
2025-10-23,950220,581,629,575,589,3199992,700.65,808.6,918.35,936.3888888888889,25.59523809417162,3196220.65,-84.14096992773557,-80.15347074713699,0.2135305755528608,44.785714285714285,0.1542056074766355,0.13155334746204353,-60.93799723879187,-0.022615808353919176,-0.009815432785399425,-0.022071307300509324,0
2025-10-24,950220,590,614,577,585,1516692,686.7,800.475,909.7,931.1444444444444,26.060606059500472,3237017.9,-82.14923720007982,-80.55262403772556,0.22565227064201326,45.357142857142854,0.13551401869158877,0.13707165109034267,-55.15805173881538,-0.025140168820637365,0.024971655623628353,-0.018803418803418848,0
2025-10-27,950220,590,624,582,612,2925460,675.9,792.625,902.35,926.8222222222222,33.23529411627855,3332793.8,-77.49874304365346,-79.94184783891116,0.3180498078967028,45.857142857142854,0.2616822429906542,0.1838006230529595,-40.69727879184646,-0.021693652377840496,0.025685066178877003,-0.10130718954248363,0
2025-10-28,950220,612,618,601,610,1090850,665.15,784.3,894.75,921.8777777777777,32.04747774347578,3357950.8,-73.13156109154,-78.57979048943693,0.3308696263671733,44.714285714285715,0.2523364485981308,0.21651090342679125,-32.73378228625012,-0.021022098777023046,-0.008019135110801101,-0.049180327868852514,0
2025-10-29,950220,610,610,577,579,2365933,654.55,775.4,886.0333333333333,916.7444444444444,26.76056337922634,3390050.95,-71.34950615935361,-77.13373362342027,0.25785774850169746,44.357142857142854,0.10747663551401869,0.20716510903426788,-39.29176733619417,-0.022585940420004263,0.017639094257195786,0.005181347150259086,1
2025-10-30,950220,575,579,557,576,2107383,643.3,762.4,877.6666666666666,911.9222222222222,21.726190475285208,3429398.25,-69.37952572918641,-75.5828920445735,0.2654800649917155,42.57142857142857,0.12987012987012986,0.1632277379940931,-43.53187726375218,-0.02356227469605965,0.0014064663146415857,0.03819444444444442,1
2025-10-31,950220,574,585,566,574,1060176,634.35,751.075,868.6833333333333,907.3444444444444,31.19658119471474,2937405.05,-67.2049880619137,-73.90731124804154,0.27950424344864505,36.285714285714285,0.14173228346456693,0.1263596829495718,-37.126811702626455,-0.022217035320804424,0.00504295442255609,-0.03135888501742157,0
2025-11-03,950220,574,577,540,550,2111642,624.7,739.825,859.0333333333333,902.6111111111111,28.853754939114808,2961326.3,-66.64995156405723,-72.45583931124469,0.21643183882800762,37.0,0.08196721311475409,0.11785654214981695,-44.02438900255497,-0.024368972695628682,0.027844187461959713,0.021818181818181737,1
2025-11-04,950220,550,604,543,580,2602579,617.4,729.85,848.7,898.5,48.815165873538334,2925943.45,-63.06238790831139,-70.57714903065803,0.34923565314856114,33.785714285714285,0.449438202247191,0.22437923294217066,-28.054772601066905,-0.01940816198218418,-0.02371697849531129,-0.025862068965517238,0
2025-11-05,950220,579,588,540,582,1702683,609.95,720.375,837.9833333333333,894.3555555555556,47.82608695328712,2910678.0,-59.373414811549765,-68.33640218683638,0.37598159679610554,35.357142857142854,0.47191011235955055,0.3344385092404985,-27.133637762150748,-0.017700949792179177,-0.02846370707516721,0.018900343642611617,1
